time,x,y,yaw,vel_x,yaw_vel
3.2901763916015625e-05,,,,,
0.029200315475463867,-3.5984789098615906,0.724206525329441,-1.1479889403838848,,
0.06285572052001953,-3.584278738687272,0.6933479751291961,-1.1309952709442932,,
0.09740543365478516,-3.569556354498071,0.6627351146103065,-1.1139897106020353,,
0.1325223445892334,-3.554315639418549,0.6323763798967166,-1.0969813888760351,,
0.16554808616638184,-3.5385613301267003,0.6022805661529551,-1.0799734674743293,,
0.19956374168395996,-3.522296951259429,0.5724568493725171,-1.0629678882575277,,
0.23413634300231934,-3.505528084083728,0.5429136055191277,-1.045962786296719,,
0.2680478096008301,-3.488258853285314,0.5136595970290878,-1.028958842831775,,
0.30223512649536133,-3.4704946676854695,0.4847032294600749,-1.0119511059017494,,
0.3364298343658447,-3.4522411107463373,0.45605229063027514,-0.9949418544620148,,
0.37085795402526855,-3.433502523732914,0.4277156744088384,-0.9779338069226204,,
0.4051508903503418,-3.414284694857102,0.3997013521821266,-0.96092853304701,,
0.43906641006469727,-3.3945937424883255,0.3720172577431895,-0.9439264517851671,,
0.472761869430542,-3.3744340763169327,0.3446720137609475,-0.9269273096857074,,
0.5072588920593262,-3.3538152310966836,0.31767376415124865,-0.9099369091524242,,
0.5411286354064941,-3.33277779813771,0.29103686403873913,-0.8931070751208412,,
0.5755500793457031,-3.311275109376096,0.2647626872006301,-0.8763492427835832,,
0.6093480587005615,-3.289335362040772,0.2388527020347321,-0.8595923221357107,,
0.6446306705474854,-3.266964236226014,0.21331477750128186,-0.8428191556721266,,
0.6784963607788086,-3.2441676562955406,0.18815646971011335,-0.826027475130443,,
0.712712287902832,-3.220951378677792,0.16338548325856553,-0.8092192400062773,,
0.7475855350494385,-3.1973219464656193,0.13900855012970145,-0.7923857661206568,,
0.7817928791046143,-3.1732857492471336,0.11503299686627837,-0.7755408780600753,,
0.8168914318084717,-3.148849199653267,0.09146591561616864,-0.7586874817932022,,
0.8506112098693848,-3.1240187168033158,0.06831458999983676,-0.7418287482681726,,
0.8851842880249023,-3.098801075844477,0.04558587483739723,-0.7249665775670067,,
0.9192032814025879,-3.073203583742054,0.02328601882095595,-0.7080946517112787,,
0.9525721073150635,-3.047233415740238,0.0014214127537263486,-0.6912161386680638,,
0.9879069328308105,-3.020897922109115,-0.02000172983325532,-0.6743350951694582,,
1.0207593441009521,-2.9942055126153777,-0.04097918998114881,-0.6574522690926302,,
1.0558323860168457,-2.967169703220395,-0.061539729034739574,-0.6405784551565294,,
1.0891921520233154,-2.939764169277516,-0.08162349856803781,-0.6236858202247254,,
1.1237733364105225,-2.912023445792418,-0.10124160404129476,-0.6067754697542009,,
1.1576805114746094,-2.883954879571953,-0.1203878848497489,-0.5898575068081652,,
1.1914961338043213,-2.8555666579522008,-0.1390569584902704,-0.5729391936283442,,
1.2255289554595947,-2.8268668763270015,-0.15724330496857228,-0.5560238172421305,,
1.2599854469299316,-2.797863338613652,-0.17494120776931876,-0.539116797222706,,
1.2935378551483154,-2.768565636786802,-0.1921472470424593,-0.5222053068817042,,
1.3275387287139893,-2.7389803308892815,-0.208854109317692,-0.5052912253941969,,
1.3616540431976318,-2.7091176637267678,-0.2250595765293724,-0.4883802593650583,,
1.3956379890441895,-2.6789855608427096,-0.2407580192190519,-0.4714729031686958,,
1.4295415878295898,-2.6485924012291786,-0.2559443684771565,-0.4545740399526728,,
1.4637703895568848,-2.617947045166588,-0.270614567100075,-0.4376799900749258,,
1.4980528354644775,-2.5870585170511387,-0.28476491429355943,-0.42077580348497845,,
1.532198429107666,-2.5559356176490824,-0.29839153028328463,-0.4038723604785703,,
1.5663585662841797,-2.524587200219058,-0.31149047202962016,-0.38697229241782327,,
1.6005206108093262,-2.493022169090301,-0.32405783771863245,-0.3700755766009777,,
1.6349856853485107,-2.4612493494323475,-0.3360894174187722,-0.35318629508268456,,
1.668623447418213,-2.429278042067582,-0.34758215824343636,-0.3363018336622476,,
1.7026746273040771,-2.3971176112089845,-0.35853341416640605,-0.31940743254247833,,
1.7365789413452148,-2.36477677692508,-0.3689391123075404,-0.302510346712956,,
1.7707910537719727,-2.3322653783761975,-0.37879786194953696,-0.28561561001619784,,
1.8049445152282715,-2.29959242113076,-0.3881058322660167,-0.26872362370578967,,
1.839094877243042,-2.266767085586982,-0.39685989227736485,-0.25183782876301614,,
1.873842477798462,-2.233798894820883,-0.40505809688714006,-0.23495699547263038,,
1.9088428020477295,-2.2006970189507387,-0.4126972289096833,-0.21806474513337532,,
1.9416403770446777,-2.167471321431658,-0.4197764132026668,-0.20116862058763615,,
1.9762966632843018,-2.134131004323843,-0.426293225265473,-0.184273668734713,,
2.010082960128784,-2.1006856989641967,-0.4322459024743556,-0.16738040718105093,,
2.044485092163086,-2.0671447574243698,-0.43763171178650134,-0.1504897799306167,,
2.0783088207244873,-2.033517974003925,-0.44245024524629206,-0.1336038939944636,,
2.1128063201904297,-1.999820594840342,-0.4467009705226494,-0.1166968457432815,,
2.147312641143799,-1.9660543668080679,-0.4503721268058673,-0.099733911812379,,
2.181304931640625,-1.9322299687602227,-0.4534702755546731,-0.08275107182940732,,
2.214555501937866,-1.8983573452329976,-0.4559941773041609,-0.06576866118393261,,
2.249835968017578,-1.864446150302901,-0.45794268086917533,-0.048797735314490144,,
2.283100128173828,-1.8305065951081976,-0.4593156683100557,-0.031839727579265585,,
2.318429470062256,-1.7965483926221695,-0.46011364409871036,-0.01488740367125778,,
2.352022171020508,-1.7625812241465164,-0.4603369781088505,0.0020513680305175993,,
2.386059522628784,-1.7286148696841654,-0.45998603685709993,0.018971912687144456,,
2.42022705078125,-1.6946591186842594,-0.45906106896550797,0.03587213549745187,,
2.4545342922210693,-1.6607239064706996,-0.45756271083416467,0.05274846120186643,,
2.4881930351257324,-1.6268188587680241,-0.4554925775668377,0.0696148283755788,,
2.5225982666015625,-1.592953483031113,-0.45285205014760355,0.0864665684537322,,
2.5573537349700928,-1.5591374172271544,-0.44964239437347947,0.10329874818266688,,
2.591205358505249,-1.5253803067539269,-0.44586482387978266,0.12011175043593132,,
2.625377893447876,-1.4916923120753658,-0.4415377074274873,0.1369104871330355,,
2.658801794052124,-1.4580827770806168,-0.43661981570858027,0.1537693144786332,,
2.692654609680176,-1.4245610768067765,-0.431134183268998,0.17067679909210698,,
2.727447271347046,-1.391136845868255,-0.42508236264630006,0.18760398308421095,,
2.7612884044647217,-1.3578198166181306,-0.4184650447304472,0.20453945690334785,,
2.795271873474121,-1.3246195702568648,-0.4112845019630504,0.22147920858795367,,
2.8297455310821533,-1.2915456788255457,-0.4035417544339463,0.23841633316327115,,
2.864156484603882,-1.2586078146597521,-0.39523932977410303,0.25535720267330053,,
2.89890193939209,-1.2258153375189371,-0.386379532590156,0.2723112585862346,,
2.933048963546753,-1.1931773785841835,-0.37696530860466476,0.28926789849701573,,
2.967271327972412,-1.1607033210812356,-0.36699967092205743,0.30622475908978053,,
3.000680446624756,-1.1284028351510387,-0.3564841662831366,0.32318079836484864,,
3.035034656524658,-1.09628523724552,-0.34542147367047626,0.3401312551722018,,
3.0687551498413086,-1.0643598206961002,-0.33381626857173397,0.35708718772735343,,
3.1028192043304443,-1.032635592788323,-0.32167042795856643,0.37405322281483844,,
3.1369457244873047,-1.001121464685311,-0.30898824447554324,0.39102049263355226,,
3.1716389656066895,-0.9698264549414717,-0.2957735889442785,0.4079868773536819,,
3.20507550239563,-0.938760069269389,-0.28202891307070627,0.4249506146258932,,
3.239344358444214,-0.9079310136351215,-0.267758846121632,0.44190741626366065,,
3.273310899734497,-0.8773480031404854,-0.25296907376870953,0.4588653965492582,,
3.308116912841797,-0.8470204307971452,-0.23766121548959698,0.4758357127441169,,
3.341756820678711,-0.8169560201719543,-0.221841656137987,0.49280524071117415,,
3.3756980895996094,-0.7871638516504259,-0.20551429945456123,0.5097717255207742,,
3.410268783569336,-0.7576527206491317,-0.18868351458627183,0.5267329861231526,,
3.4449121952056885,-0.7284310304913302,-0.17135434386886242,0.5436857669411463,,
3.4787650108337402,-0.6995070892786729,-0.15353252616690483,0.5606441577792736,,
3.5128326416015625,-0.6708889071806577,-0.13522276077940665,0.5776057083652634,,
3.547243356704712,-0.64258454110357,-0.1164305635411719,0.5945641773375221,,
3.580557346343994,-0.614601856643877,-0.09716193295442864,0.611517526422694,,
3.614771604537964,-0.5869503575713463,-0.07741996025768391,0.6284632842897653,,
3.6490964889526367,-0.5596368023881203,-0.05721258727626435,0.6453976769210159,,
3.6834280490875244,-0.5326696741495403,-0.03655423596468733,0.6623311607916518,,
3.717376947402954,-0.5060694340175834,-0.015468670716920336,0.6792334256318151,,
3.7514889240264893,-0.47982995065412964,0.006071646454568322,0.6961245549901864,,
3.7856268882751465,-0.45395832556660315,0.028051815714237704,0.7130173626385234,,
3.820261240005493,-0.4284623697596847,0.050466166875969866,0.7299130019798269,,
3.8535661697387695,-0.4033495950956191,0.07330859893196448,0.7468083521454182,,
3.888087749481201,-0.3786269917467111,0.09657206047629908,0.7637119882223465,,
3.921787738800049,-0.3543015230432829,0.12025021060560899,0.780627874383793,,
3.9566380977630615,-0.33037989697932213,0.1443361551186808,0.7975433383625676,,
3.989919424057007,-0.3068691970101872,0.16882308878289748,0.8144575237879356,,
4.02410364151001,-0.28377642976837736,0.19370430645122108,0.8313690911119012,,
4.0579869747161865,-0.26110844789528187,0.21897298124918516,0.8482745429300902,,
4.0927207469940186,-0.2388714866289578,0.24462108654912207,0.865185864719834,,
4.127258062362671,-0.21707153176475963,0.2706418201717443,0.882104929188336,,
4.161036968231201,-0.1957146791948955,0.2970275471833182,0.8990218581489596,,
4.1955885887146,-0.17479700830697176,0.32376224401979486,0.9159363094702075,,
4.229482412338257,-0.15431602254625237,0.35087149197942474,0.9328353835460511,,
4.264463424682617,-0.13430626158075326,0.37833450705762195,0.9497282773294317,,
4.297699213027954,-0.11476292075797498,0.40613132953660214,0.9666217155982322,,
4.332019329071045,-0.09569211813519496,0.43425451708306967,0.9835244467751381,,
4.366074323654175,-0.07709823710612713,0.46269525112439097,1.000426304120453,,
4.399571180343628,-0.05898700649891317,0.4914455393917282,1.0173237813735212,,
4.435855865478516,-0.041364117581520456,0.5204974482458381,1.0342160670208476,,
4.470207452774048,-0.024234916342687065,0.5498429263200891,1.0510982405510223,,
4.504162788391113,-0.007603167914039936,0.5794732955215571,1.0679822730430906,,
4.537718772888184,0.008525671957367871,0.6093799902912643,1.0848730315555544,,
4.572185754776001,0.024147572417337455,0.6395543432557449,1.101762168965749,,
4.606075048446655,0.03925824579335808,0.6699877127070893,1.1186477717568826,,
4.640266180038452,0.05385222522373285,0.7006718120774568,1.1355268560392622,,
4.675359725952148,0.06792652713936065,0.7315975325781012,1.1523992611211298,,
4.7104480266571045,0.081476644635739,0.7627562309106569,1.1692792856364405,,
4.744124889373779,0.09449938028927264,0.794138595627374,1.1861607569480968,,
4.779495716094971,0.10699118893013683,0.8257355963241553,1.2030395581987166,,
4.812754154205322,0.11894681062090574,0.8575389060389446,1.2199153493276993,,
4.846601963043213,0.13036478340205487,0.8895388326588133,1.2367850357930847,,
4.880982398986816,0.14124051672353458,0.9217267046915969,1.2536592120624543,,
4.915162563323975,0.1515710161332333,0.9540931928290718,1.2705366244735927,,
4.948846340179443,0.1613542622471896,0.9866289947796445,1.2874134344015384,,
4.983174800872803,0.17058625923500007,1.0193250254541997,1.3042890477454079,,
5.0172693729400635,0.17926548066959794,1.0521716598040673,1.3211622005757917,,
5.0519115924835205,0.1873894796078959,1.085159505038726,1.3380356342758277,,
5.085947275161743,0.1949553022874497,1.1182793737399634,1.3549135772540735,,
5.120252370834351,0.20196056332299844,1.1515218860448508,1.371793829141952,,
5.155313730239868,0.2084037090108233,1.1848775191549756,1.388674284829287,,
5.18897819519043,0.21428218998518775,1.2183369112181182,1.4055527147780125,,
5.223069667816162,0.21959567199761096,1.2518901612768834,1.4224261161961274,,
5.256973028182983,0.22434037684402267,1.2855281503869975,1.4393118532127045,,
5.291476488113403,0.22851904831664252,1.3192341134522072,1.456233362524913,,
5.325683832168579,0.23211898747803197,1.353007710896449,1.4732344546981289,,
5.359858751296997,0.2351440960248593,1.386838125691487,1.49026171770347,,
5.394012212753296,0.23759259120015816,1.4207158283163563,1.507283692398232,,
5.428423166275024,0.23946401399547088,1.454630791407734,1.5242873404407462,,
5.462750196456909,0.24075889081100463,1.4885728372864957,1.541281443084477,,
5.4960925579071045,0.24147782012416025,1.5225324808395275,1.5582602110246115,,
5.530103445053101,0.24162144377473435,1.556499957648204,1.5752118750886273,,
5.564255952835083,0.24119041159078602,1.5904653184695476,1.592134462063418,,
5.598543405532837,0.24018512506699208,1.6244187752806476,1.6090238634680945,,
5.6333067417144775,0.2386067328666503,1.6583505499010023,1.6258790705843302,,
5.666912317276001,0.23645725400428305,1.6922508817296273,1.6427132618307936,,
5.7009522914886475,0.23373837754573037,1.7261104755238683,1.6595253784016448,,
5.734739303588867,0.23045192465986025,1.7599195843764937,1.6763077157014967,,
5.7691380977630615,0.22659956556557914,1.793668697325989,1.6930596666181048,,
5.802637100219727,0.2222017520356063,1.8273467974914648,1.7098086824816103,,
5.837193965911865,0.21721475867136325,1.8609455630710465,1.726652485595599,,
5.871007442474365,0.21166148758463546,1.8944550182212132,1.7435535632167172,,
5.90471625328064,0.20554172757649797,1.9278656375794823,1.7604891129095204,,
5.9391467571258545,0.19885692939919422,1.961167904241409,1.77743917148996,,
5.973339796066284,0.19160850967042867,1.9943521949423664,1.7943962653222558,,
6.007534742355347,0.18379801260560183,2.027408866716637,1.8113564351724436,,
6.041913270950317,0.175427033859803,2.0603283242113872,1.8283144066026344,,
6.075416803359985,0.16649970502589134,2.093100655678859,1.8452836587357149,,
6.109395980834961,0.15701680487989483,2.1257170921879758,1.8622636919169229,,
6.143719673156738,0.14698210199222517,2.1581681884723114,1.879246056592357,,
6.144599676132202,0.14698210199222517,2.1581681884723114,1.879246056592357,1.0,0.5
6.178420543670654,0.13639697714615,2.1904442378968274,1.896229520290326,1.0,0.5
6.179609298706055,0.13639697714615,2.1904442378968274,1.896229520290326,1.0,0.5
6.212842226028442,0.1252646375100113,2.2225360204662628,1.9132091033930865,1.0,0.5
6.213491916656494,0.1252646375100113,2.2225360204662628,1.9132091033930865,1.0,0.5
6.246776819229126,0.11359024969881515,2.254434157859389,1.9301929332675232,1.0,0.5
6.247206449508667,0.11359024969881515,2.254434157859389,1.9301929332675232,1.0,0.5
6.2805585861206055,0.10137363106461612,2.2861292287051818,1.947190056743351,1.0,0.5
6.280929803848267,0.10137363106461612,2.2861292287051818,1.947190056743351,1.0,0.5
6.315582275390625,0.0886206554368983,2.3176127058630445,1.9641906408977492,1.0,0.5
6.316358327865601,0.0886206554368983,2.3176127058630445,1.9641906408977492,1.0,0.5
6.345646858215332,0.0886206554368983,2.3176127058630445,1.9641906408977492,1.0,0.5
6.3490166664123535,0.07533475236975536,2.348875349983304,1.9811918818601741,1.0,0.5
6.349332332611084,0.07533475236975536,2.348875349983304,1.9811918818601741,1.0,0.5
6.38336181640625,0.061519297804342725,2.379907813426905,1.9981925460547068,1.0,0.5
6.383660316467285,0.061519297804342725,2.379907813426905,1.9981925460547068,1.0,0.5
6.417129993438721,0.04717747537263426,2.4107011216111784,2.0151877004302836,1.0,0.5
6.4174230098724365,0.04717747537263426,2.4107011216111784,2.0151877004302836,1.0,0.5
6.451933145523071,0.03231490738659992,2.4412461816191993,2.0321910358393396,1.0,0.5
6.452877759933472,0.03231490738659992,2.4412461816191993,2.0321910358393396,1.0,0.5
6.485682487487793,0.016934758245098467,2.471534544449933,2.0492016033327887,1.0,0.5
6.486033916473389,0.016934758245098467,2.471534544449933,2.0492016033327887,1.0,0.5
6.52002215385437,0.0010419140030417295,2.5015575637512626,2.066213051955266,1.0,0.5
6.5206298828125,0.0010419140030417295,2.5015575637512626,2.066213051955266,1.0,0.5
6.545749664306641,0.0010419140030417295,2.5015575637512626,2.066213051955266,1.0,0.5
6.5536720752716064,-0.015359119138845249,2.5313063807581617,2.083223670548355,1.0,0.5
6.554034233093262,-0.015359119138845249,2.5313063807581617,2.083223670548355,1.0,0.5
6.587746858596802,-0.032263840108125406,2.5607723311886756,2.100232102439791,1.0,0.5
6.5880231857299805,-0.032263840108125406,2.5607723311886756,2.100232102439791,1.0,0.5
6.6220903396606445,-0.049667961114137474,2.589946678959481,2.117233261468798,1.0,0.5
6.622650623321533,-0.049667961114137474,2.589946678959481,2.117233261468798,1.0,0.5
6.655957221984863,-0.0675653652451259,2.6188208098529038,2.134240193579782,1.0,0.5
6.65639066696167,-0.0675653652451259,2.6188208098529038,2.134240193579782,1.0,0.5
6.690820217132568,-0.0859509764493713,2.647387173377093,2.1512530634292037,1.0,0.5
6.691462755203247,-0.0859509764493713,2.647387173377093,2.1512530634292037,1.0,0.5
6.724900722503662,-0.10481967128762282,2.675637497356102,2.1682646014114573,1.0,0.5
6.72555685043335,-0.10481967128762282,2.675637497356102,2.1682646014114573,1.0,0.5
6.746064186096191,-0.10481967128762282,2.675637497356102,2.1682646014114573,1.0,0.5
6.75875997543335,-0.12416589668785781,2.703563348967669,2.185272951042049,1.0,0.5
6.75915265083313,-0.12416589668785781,2.703563348967669,2.185272951042049,1.0,0.5
6.793452262878418,-0.14398407197705673,2.7311566929743947,2.2022762175651955,1.0,0.5
6.79413104057312,-0.14398407197705673,2.7311566929743947,2.2022762175651955,1.0,0.5
6.827778339385986,-0.16426925786406935,2.7584091765045353,2.219269270362073,1.0,0.5
6.828469276428223,-0.16426925786406935,2.7584091765045353,2.219269270362073,1.0,0.5
6.861457347869873,-0.18499202600902806,2.7853128526176034,2.2362328996024385,1.0,0.5
6.862205743789673,-0.18499202600902806,2.7853128526176034,2.2362328996024385,1.0,0.5
6.895749568939209,-0.2061686104315517,2.8118478280258046,2.2530430071981478,1.0,0.5
6.89643406867981,-0.2061686104315517,2.8118478280258046,2.2530430071981478,1.0,0.5
6.930331707000732,-0.22779065313055213,2.838023777854534,2.2698093072614296,1.0,0.5
6.931364059448242,-0.22779065313055213,2.838023777854534,2.2698093072614296,1.0,0.5
6.9454264640808105,-0.22779065313055213,2.838023777854534,2.2698093072614296,1.0,0.5
6.964278221130371,-0.2498483439756346,2.863833152829235,2.2865790132583332,1.0,0.5
6.964708089828491,-0.2498483439756346,2.863833152829235,2.2865790132583332,1.0,0.5
6.99803900718689,-0.27233633546085745,2.889267915252612,2.3033604444969984,1.0,0.5
6.998684644699097,-0.27233633546085745,2.889267915252612,2.3033604444969984,1.0,0.5
7.032066583633423,-0.2952484692574908,2.9143207810177327,2.3201587773510166,1.0,0.5
7.032675743103027,-0.2952484692574908,2.9143207810177327,2.3201587773510166,1.0,0.5
7.06605076789856,-0.31857840643924296,2.93898477295621,2.3369859919759435,1.0,0.5
7.066693305969238,-0.31857840643924296,2.93898477295621,2.3369859919759435,1.0,0.5
7.1000330448150635,-0.3423198154430981,2.963252528086668,2.3538269675992787,1.0,0.5
7.100695848464966,-0.3423198154430981,2.963252528086668,2.3538269675992787,1.0,0.5
7.134221315383911,-0.3664663925737138,2.987116924903776,2.370676576177404,1.0,0.5
7.134875535964966,-0.3664663925737138,2.987116924903776,2.370676576177404,1.0,0.5
7.144999027252197,-0.3664663925737138,2.987116924903776,2.370676576177404,1.0,0.5
7.169022560119629,-0.3910116823575217,3.0105707410783897,2.3875324857965947,1.0,0.5
7.16984748840332,-0.3910116823575217,3.0105707410783897,2.3875324857965947,1.0,0.5
7.202731370925903,-0.4159493169260437,3.033606590496278,2.4043890622898316,1.0,0.5
7.203662633895874,-0.4159493169260437,3.033606590496278,2.4043890622898316,1.0,0.5
7.237292051315308,-0.44127209956207086,3.0562180636476732,2.4212503216460153,1.0,0.5
7.237990617752075,-0.44127209956207086,3.0562180636476732,2.4212503216460153,1.0,0.5
7.2709925174713135,-0.4669726709277121,3.078398954216945,2.4381294790040164,1.0,0.5
7.271280527114868,-0.4669726709277121,3.078398954216945,2.4381294790040164,1.0,0.5
7.305057048797607,-0.493043699077279,3.1001431018456587,2.4550121267386227,1.0,0.5
7.305706262588501,-0.493043699077279,3.1001431018456587,2.4550121267386227,1.0,0.5
7.339257001876831,-0.5194780780201312,3.1214440390438387,2.4718953264465404,1.0,0.5
7.339905261993408,-0.5194780780201312,3.1214440390438387,2.4718953264465404,1.0,0.5
7.34494948387146,-0.5194780780201312,3.1214440390438387,2.4718953264465404,1.0,0.5
7.373547315597534,-0.5462502109504878,3.1423164190936967,2.4887748486954466,1.0,0.5
7.374304533004761,-0.5462502109504878,3.1423164190936967,2.4887748486954466,1.0,0.5
7.407684087753296,-0.5734016053677329,3.1627393790346447,2.505650170046455,1.0,0.5
7.408484697341919,-0.5734016053677329,3.1627393790346447,2.505650170046455,1.0,0.5
7.441726207733154,-0.6008998510187258,3.1826958971418864,2.522545888600862,1.0,0.5
7.442872524261475,-0.6008998510187258,3.1826958971418864,2.522545888600862,1.0,0.5
7.475812196731567,-0.6287316911368587,3.2021844881153547,2.5394627948883084,1.0,0.5
7.4762282371521,-0.6287316911368587,3.2021844881153547,2.5394627948883084,1.0,0.5
7.510075092315674,-0.6568890936682616,3.221200001384354,2.556385269402869,1.0,0.5
7.511090040206909,-0.6568890936682616,3.221200001384354,2.556385269402869,1.0,0.5
7.544800043106079,-0.6853637098154355,3.2397371220109576,2.573306920371909,1.0,0.5
7.545943975448608,-0.6853637098154355,3.2397371220109576,2.573306920371909,1.0,0.5
7.546624422073364,-0.6853637098154355,3.2397371220109576,2.573306920371909,1.0,0.5
7.578111410140991,-0.7141476327561557,3.257789999179005,2.5902251407219694,1.0,0.5
7.578880786895752,-0.7141476327561557,3.257789999179005,2.5902251407219694,1.0,0.5
7.612165927886963,-0.7432329875296451,3.275353003986429,2.607135201912538,1.0,0.5
7.612824440002441,-0.7432329875296451,3.275353003986429,2.607135201912538,1.0,0.5
7.646409273147583,-0.7726108968839951,3.2924217049485307,2.6240452635026656,1.0,0.5
7.646889925003052,-0.7726108968839951,3.2924217049485307,2.6240452635026656,1.0,0.5
7.680415153503418,-0.8022731662945983,3.308991132489169,2.6409612912096145,1.0,0.5
7.680890321731567,-0.8022731662945983,3.308991132489169,2.6409612912096145,1.0,0.5
7.715183258056641,-0.8322110802605629,3.325056953880314,2.6578763633472517,1.0,0.5
7.715952634811401,-0.8322110802605629,3.325056953880314,2.6578763633472517,1.0,0.5
7.745792388916016,-0.8322110802605629,3.325056953880314,2.6578763633472517,1.0,0.5
7.748220682144165,-0.8624160919688468,3.3406144913664777,2.674787918959603,1.0,0.5
7.748492240905762,-0.8624160919688468,3.3406144913664777,2.674787918959603,1.0,0.5
7.782712697982788,-0.8928796655736357,3.355659097726353,2.6916960642185543,1.0,0.5
7.783468008041382,-0.8928796655736357,3.355659097726353,2.6916960642185543,1.0,0.5
7.817189931869507,-0.9235929912376107,3.3701863881777285,2.7085999769072626,1.0,0.5
7.81775689125061,-0.9235929912376107,3.3701863881777285,2.7085999769072626,1.0,0.5
7.851312637329102,-0.9545474655610742,3.3841919199538646,2.7254948815721405,1.0,0.5
7.851996183395386,-0.9545474655610742,3.3841919199538646,2.7254948815721405,1.0,0.5
7.884934902191162,-0.9857338746769676,3.397672485230938,2.742394292737847,1.0,0.5
7.885303258895874,-0.9857338746769676,3.397672485230938,2.742394292737847,1.0,0.5
7.9189207553863525,-1.0171432533882927,3.410624239453678,2.7593010692966704,1.0,0.5
7.919282674789429,-1.0171432533882927,3.410624239453678,2.7593010692966704,1.0,0.5
7.945234060287476,-1.0171432533882927,3.410624239453678,2.7593010692966704,1.0,0.5
7.953169822692871,-1.0487665191182391,3.4230437438621713,2.7762050297611522,1.0,0.5
7.953795671463013,-1.0487665191182391,3.4230437438621713,2.7762050297611522,1.0,0.5
7.987743854522705,-1.0805951163337761,3.4349266221179438,2.793105763031258,1.0,0.5
7.988715171813965,-1.0805951163337761,3.4349266221179438,2.793105763031258,1.0,0.5
8.02190613746643,-1.1126200973161908,3.4462687816813182,2.8100008168614385,1.0,0.5
8.022864818572998,-1.1126200973161908,3.4462687816813182,2.8100008168614385,1.0,0.5
8.05579948425293,-1.1448318147698957,3.4570682707429463,2.8268874397437536,1.0,0.5
8.056533813476562,-1.1448318147698957,3.4570682707429463,2.8268874397437536,1.0,0.5
8.08971905708313,-1.177220728711049,3.467323104006726,2.843778517023294,1.0,0.5
8.090198993682861,-1.177220728711049,3.467323104006726,2.843778517023294,1.0,0.5
8.123544692993164,-1.2097781871937894,3.47702766503449,2.8606799900271067,1.0,0.5
8.123851299285889,-1.2097781871937894,3.47702766503449,2.8606799900271067,1.0,0.5
8.14491891860962,-1.2097781871937894,3.47702766503449,2.8606799900271067,1.0,0.5
8.157563924789429,-1.2424949064337798,3.4861802269948656,2.8775798427712904,1.0,0.5
8.157902240753174,-1.2424949064337798,3.4861802269948656,2.8775798427712904,1.0,0.5
8.191718816757202,-1.2753611333557677,3.494779370209801,2.894477263649912,1.0,0.5
8.1920166015625,-1.2753611333557677,3.494779370209801,2.894477263649912,1.0,0.5
8.226061820983887,-1.308367682995263,3.502821754951966,2.911370732429026,1.0,0.5
8.226494073867798,-1.308367682995263,3.502821754951966,2.911370732429026,1.0,0.5
8.260024309158325,-1.3415051296045872,3.5103046254444927,2.928256398226316,1.0,0.5
8.260331153869629,-1.3415051296045872,3.5103046254444927,2.928256398226316,1.0,0.5
8.294945001602173,-1.3747639576927826,3.5172263683304883,2.945147474272818,1.0,0.5
8.295354127883911,-1.3747639576927826,3.5172263683304883,2.945147474272818,1.0,0.5
8.328445672988892,-1.4081345892175368,3.5235851503843527,2.9620474127365877,1.0,0.5
8.328739166259766,-1.4081345892175368,3.5235851503843527,2.9620474127365877,1.0,0.5
8.345365762710571,-1.4081345892175368,3.5235851503843527,2.9620474127365877,1.0,0.5
8.36250352859497,-1.4416076119698331,3.529379060179004,2.978947042659848,1.0,0.5
8.36286473274231,-1.4416076119698331,3.529379060179004,2.978947042659848,1.0,0.5
8.397197723388672,-1.4751733417089985,3.5346070233101927,2.995844947324632,1.0,0.5
8.398059368133545,-1.4751733417089985,3.5346070233101927,2.995844947324632,1.0,0.5
8.430642366409302,-1.5088226383400334,3.5392650566574613,3.0127407832951336,1.0,0.5
8.43099856376648,-1.5088226383400334,3.5392650566574613,3.0127407832951336,1.0,0.5
8.46506404876709,-1.5425372993797108,3.543358415491955,3.0296545301183935,1.0,0.5
8.46549916267395,-1.5425372993797108,3.543358415491955,3.0296545301183935,1.0,0.5
8.499268054962158,-1.5763209585731393,3.546868352839661,3.0466153736984714,1.0,0.5
8.499597072601318,-1.5763209585731393,3.546868352839661,3.0466153736984714,1.0,0.5
8.53293776512146,-1.6101598464100073,3.549805079262839,3.0635991112544723,1.0,0.5
8.53337049484253,-1.6101598464100073,3.549805079262839,3.0635991112544723,1.0,0.5
8.545162916183472,-1.6101598464100073,3.549805079262839,3.0635991112544723,1.0,0.5
8.567386150360107,-1.6440442384612557,3.5521675976861493,3.0805815820101214,1.0,0.5
8.567676782608032,-1.6440442384612557,3.5521675976861493,3.0805815820101214,1.0,0.5
8.601757764816284,-1.677964291691064,3.5539552096928935,3.097554109139449,1.0,0.5
8.60239577293396,-1.677964291691064,3.5539552096928935,3.097554109139449,1.0,0.5
8.635920763015747,-1.711910201531268,3.5551673791558764,3.1145113474498216,1.0,0.5
8.636523962020874,-1.711910201531268,3.5551673791558764,3.1145113474498216,1.0,0.5
8.67000961303711,-1.7458719552401976,3.55580405153556,3.1314503054459943,1.0,0.5
8.670607328414917,-1.7458719552401976,3.55580405153556,3.1314503054459943,1.0,0.5
8.704431056976318,-1.7798397569909379,3.555866066927336,-3.1348037207696855,1.0,0.5
8.705413579940796,-1.7798397569909379,3.555866066927336,-3.1348037207696855,1.0,0.5
8.738473176956177,-1.8138040318692856,3.5553540811680544,-3.1178864148102865,1.0,0.5
8.739344835281372,-1.8138040318692856,3.5553540811680544,-3.1178864148102865,1.0,0.5
8.745055437088013,-1.8138040318692856,3.5553540811680544,-3.1178864148102865,1.0,0.5
8.772344827651978,-1.8477551144339452,3.554268671737473,-3.100987060976455,1.0,0.5
8.772978782653809,-1.8477551144339452,3.554268671737473,-3.100987060976455,1.0,0.5
8.806811332702637,-1.8816829689022345,3.5526105425727326,-3.084107796671381,1.0,0.5
8.807943105697632,-1.8816829689022345,3.5526105425727326,-3.084107796671381,1.0,0.5
8.840596914291382,-1.9155779948614624,3.55038026977901,-3.0672530189724947,1.0,0.5
8.841239213943481,-1.9155779948614624,3.55038026977901,-3.0672530189724947,1.0,0.5
8.874707460403442,-1.9494303957636245,3.547579525062301,-3.050413049023958,1.0,0.5
8.875456809997559,-1.9494303957636245,3.547579525062301,-3.050413049023958,1.0,0.5
8.90886902809143,-1.9832307211173033,3.544210108245527,-3.033582120880587,1.0,0.5
8.909574747085571,-1.9832307211173033,3.544210108245527,-3.033582120880587,1.0,0.5
8.94302248954773,-2.0169695356336543,3.540273483106997,-3.016768314351531,1.0,0.5
8.943781614303589,-2.0169695356336543,3.540273483106997,-3.016768314351531,1.0,0.5
8.945131540298462,-2.0169695356336543,3.540273483106997,-3.016768314351531,1.0,0.5
8.976588726043701,-2.050636478333704,3.53578337289533,-2.9999480934231557,1.0,0.5
8.976911544799805,-2.050636478333704,3.53578337289533,-2.9999480934231557,1.0,0.5
9.011170148849487,-2.0842226155547503,3.5307063364745277,-2.983067937787065,1.0,0.5
9.011921167373657,-2.0842226155547503,3.5307063364745277,-2.983067937787065,1.0,0.5
9.044554948806763,-2.117718025520266,3.525060971467793,-2.9661607357843387,1.0,0.5
9.04488205909729,-2.117718025520266,3.525060971467793,-2.9661607357843387,1.0,0.5
9.07928466796875,-2.1511130785059094,3.518849995690782,-2.9492430970829466,1.0,0.5
9.079621076583862,-2.1511130785059094,3.518849995690782,-2.9492430970829466,1.0,0.5
9.113371133804321,-2.1843979128857796,3.512074044677136,-2.9323053661710023,1.0,0.5
9.113715171813965,-2.1843979128857796,3.512074044677136,-2.9323053661710023,1.0,0.5
9.144928455352783,-2.1843979128857796,3.512074044677136,-2.9323053661710023,1.0,0.5
9.147499799728394,-2.217563425948426,3.504735077550224,-2.915359599873235,1.0,0.5
9.1480073928833,-2.217563425948426,3.504735077550224,-2.915359599873235,1.0,0.5
9.181963205337524,-2.25060020447101,3.496835914823822,-2.8984122209602545,1.0,0.5
9.182342290878296,-2.25060020447101,3.496835914823822,-2.8984122209602545,1.0,0.5
9.216304540634155,-2.2834985871764064,3.4883778445754796,-2.8814635620732396,1.0,0.5
9.216705799102783,-2.2834985871764064,3.4883778445754796,-2.8814635620732396,1.0,0.5
9.250897884368896,-2.316248904233498,3.479362405511579,-2.8645181850553407,1.0,0.5
9.251474618911743,-2.316248904233498,3.479362405511579,-2.8645181850553407,1.0,0.5
9.285839319229126,-2.348841795306378,3.4697929941191914,-2.847575471794432,1.0,0.5
9.286648750305176,-2.348841795306378,3.4697929941191914,-2.847575471794432,1.0,0.5
9.319810628890991,-2.381267649659582,3.4596721697510975,-2.8306210113103205,1.0,0.5
9.320326805114746,-2.381267649659582,3.4596721697510975,-2.8306210113103205,1.0,0.5
9.345698356628418,-2.381267649659582,3.4596721697510975,-2.8306210113103205,1.0,0.5
9.353992938995361,-2.4135174979497873,3.44900232355422,-2.813659422228805,1.0,0.5
9.354736089706421,-2.4135174979497873,3.44900232355422,-2.813659422228805,1.0,0.5
9.387953519821167,-2.4455823034997595,3.4377874657104797,-2.7966977236355013,1.0,0.5
9.388240337371826,-2.4455823034997595,3.4377874657104797,-2.7966977236355013,1.0,0.5
9.422072887420654,-2.477452577577474,3.42603023961905,-2.7797365478896547,1.0,0.5
9.42304015159607,-2.477452577577474,3.42603023961905,-2.7797365478896547,1.0,0.5
9.45646619796753,-2.509119032384944,3.41373366900533,-2.7627785739706843,1.0,0.5
9.457452297210693,-2.509119032384944,3.41373366900533,-2.7627785739706843,1.0,0.5
9.490568161010742,-2.5405723672907716,3.400901381996094,-2.745819384511917,1.0,0.5
9.49164366722107,-2.5405723672907716,3.400901381996094,-2.745819384511917,1.0,0.5
9.524520635604858,-2.5718038565584442,3.3875376521773983,-2.7288559024762766,1.0,0.5
9.525100946426392,-2.5718038565584442,3.3875376521773983,-2.7288559024762766,1.0,0.5
9.545920610427856,-2.5718038565584442,3.3875376521773983,-2.7288559024762766,1.0,0.5
9.558520793914795,-2.6028046488298036,3.3736457788517953,-2.7118904466599174,1.0,0.5
9.558887481689453,-2.6028046488298036,3.3736457788517953,-2.7118904466599174,1.0,0.5
9.592958927154541,-2.6335656334071778,3.3592299454492385,-2.694925053413551,1.0,0.5
9.593979358673096,-2.6335656334071778,3.3592299454492385,-2.694925053413551,1.0,0.5
9.627181768417358,-2.6640779892652287,3.344294095285981,-2.6779616378071758,1.0,0.5
9.627782821655273,-2.6640779892652287,3.344294095285981,-2.6779616378071758,1.0,0.5
9.661693096160889,-2.6943329954862576,3.3288427335954665,-2.6609983455182973,1.0,0.5
9.66235065460205,-2.6943329954862576,3.3288427335954665,-2.6609983455182973,1.0,0.5
9.69495153427124,-2.724321925735097,3.3128803275799483,-2.6440354186752044,1.0,0.5
9.695380926132202,-2.724321925735097,3.3128803275799483,-2.6440354186752044,1.0,0.5
9.729114055633545,-2.7540359689218743,3.296411074356754,-2.6270732990590138,1.0,0.5
9.729786396026611,-2.7540359689218743,3.296411074356754,-2.6270732990590138,1.0,0.5
9.745423555374146,-2.7540359689218743,3.296411074356754,-2.6270732990590138,1.0,0.5
9.763865947723389,-2.7834668813200247,3.27944042165837,-2.6101134330788534,1.0,0.5
9.764715194702148,-2.7834668813200247,3.27944042165837,-2.6101134330788534,1.0,0.5
9.797143459320068,-2.812606191442343,3.2619731521972493,-2.5931534575380115,1.0,0.5
9.797921180725098,-2.812606191442343,3.2619731521972493,-2.5931534575380115,1.0,0.5
9.830670833587646,-2.8414455891048838,3.2440141492327785,-2.5761949870757697,1.0,0.5
9.831035852432251,-2.8414455891048838,3.2440141492327785,-2.5761949870757697,1.0,0.5
9.864903450012207,-2.8699767735878496,3.2255685832709227,-2.559239147183254,1.0,0.5
9.865255117416382,-2.8699767735878496,3.2255685832709227,-2.559239147183254,1.0,0.5
9.899184226989746,-2.89819154903768,3.2066418245420363,-2.5422864625019237,1.0,0.5
9.899607419967651,-2.89819154903768,3.2066418245420363,-2.5422864625019237,1.0,0.5
9.933385372161865,-2.9260819696984375,3.1872398161788404,-2.525337290692447,1.0,0.5
9.933713912963867,-2.9260819696984375,3.1872398161788404,-2.525337290692447,1.0,0.5
9.945468664169312,-2.9260819696984375,3.1872398161788404,-2.525337290692447,1.0,0.5
9.967585325241089,-2.953639855342421,3.16736765900028,-2.5083905555126123,1.0,0.5
9.96810793876648,-2.953639855342421,3.16736765900028,-2.5083905555126123,1.0,0.5
10.00245976448059,-2.980857488522757,3.147031395785914,-2.4914472683858344,1.0,0.5
10.003395318984985,-2.980857488522757,3.147031395785914,-2.4914472683858344,1.0,0.5
10.036286115646362,-3.007725409823666,3.126267126776123,-2.4745216324442882,1.0,0.5
10.037748098373413,-3.007725409823666,3.126267126776123,-2.4745216324442882,1.0,0.5
10.070096731185913,-3.0342247618928484,3.1050488373415144,-2.457632193034132,1.0,0.5
10.070450782775879,-3.0342247618928484,3.1050488373415144,-2.457632193034132,1.0,0.5
10.104393243789673,-3.0603618253681963,3.083384533124203,-2.44074475437133,1.0,0.5
10.104777097702026,-3.0603618253681963,3.083384533124203,-2.44074475437133,1.0,0.5
10.138976812362671,-3.086128847229832,3.0612819682017554,-2.4238523846911857,1.0,0.5
10.139748811721802,-3.086128847229832,3.0612819682017554,-2.4238523846911857,1.0,0.5
10.145090579986572,-3.086128847229832,3.0612819682017554,-2.4238523846911857,1.0,0.5
10.172741413116455,-3.111518417992547,3.0387473538858503,-2.40695396822461,1.0,0.5
10.173085927963257,-3.111518417992547,3.0387473538858503,-2.40695396822461,1.0,0.5
10.207123517990112,-3.1365229218764767,3.0157866460139022,-2.390051445907499,1.0,0.5
10.207626104354858,-3.1365229218764767,3.0157866460139022,-2.390051445907499,1.0,0.5
10.241885662078857,-3.1611352245674404,2.992406591115332,-2.3731472852508624,1.0,0.5
10.242690324783325,-3.1611352245674404,2.992406591115332,-2.3731472852508624,1.0,0.5
10.276524543762207,-3.185348388730329,2.9686136572139548,-2.3562363576035152,1.0,0.5
10.277447938919067,-3.185348388730329,2.9686136572139548,-2.3562363576035152,1.0,0.5
10.309598207473755,-3.209155657370635,2.944414889407658,-2.3393229796646193,1.0,0.5
10.309969902038574,-3.209155657370635,2.944414889407658,-2.3393229796646193,1.0,0.5
10.34381103515625,-3.2325501402481844,2.9198170521231597,-2.32241013879837,1.0,0.5
10.344162225723267,-3.2325501402481844,2.9198170521231597,-2.32241013879837,1.0,0.5
10.34456729888916,-3.2325501402481844,2.9198170521231597,-2.32241013879837,1.0,0.5
10.378572940826416,-3.255524927817604,2.89482694038818,-2.305498498085645,1.0,0.5
10.379452466964722,-3.255524927817604,2.89482694038818,-2.305498498085645,1.0,0.5
10.412237405776978,-3.278073199309304,2.86945136184221,-2.2885922994222585,1.0,0.5
10.412957906723022,-3.278073199309304,2.86945136184221,-2.2885922994222585,1.0,0.5
10.446410417556763,-3.3001887017020755,2.8436983660171578,-2.271682282569965,1.0,0.5
10.447224617004395,-3.3001887017020755,2.8436983660171578,-2.271682282569965,1.0,0.5
10.480395793914795,-3.321865459620979,2.817574827791097,-2.2547646114942634,1.0,0.5
10.481208324432373,-3.321865459620979,2.817574827791097,-2.2547646114942634,1.0,0.5
10.514902591705322,-3.3430974852761484,2.7910883970652134,-2.237848803657747,1.0,0.5
10.515945672988892,-3.3430974852761484,2.7910883970652134,-2.237848803657747,1.0,0.5
10.544954061508179,-3.3430974852761484,2.7910883970652134,-2.237848803657747,1.0,0.5
10.548459768295288,-3.363905206512332,2.764260951592722,-2.220939188672905,1.0,0.5
10.549063682556152,-3.363905206512332,2.764260951592722,-2.220939188672905,1.0,0.5
10.583359956741333,-3.3842474266916156,2.737043682318816,-2.2040393364293496,1.0,0.5
10.584224462509155,-3.3842474266916156,2.737043682318816,-2.2040393364293496,1.0,0.5
10.61672067642212,-3.4041273662147797,2.7094866596817324,-2.1871449969394057,1.0,0.5
10.617072343826294,-3.4041273662147797,2.7094866596817324,-2.1871449969394057,1.0,0.5
10.651328802108765,-3.423539093024559,2.681597778027938,-2.170242847631761,1.0,0.5
10.652178049087524,-3.423539093024559,2.681597778027938,-2.170242847631761,1.0,0.5
10.685349464416504,-3.442477431778034,2.6533852270870657,-2.1533334764677496,1.0,0.5
10.68584156036377,-3.442477431778034,2.6533852270870657,-2.1533334764677496,1.0,0.5
10.719285726547241,-3.460936585287508,2.6248569834154862,-2.1364272480429407,1.0,0.5
10.72005558013916,-3.460936585287508,2.6248569834154862,-2.1364272480429407,1.0,0.5
10.745873928070068,-3.460936585287508,2.6248569834154862,-2.1364272480429407,1.0,0.5
10.753473997116089,-3.4789112522757937,2.5960211276005487,-2.119524949096369,1.0,0.5
10.75418472290039,-3.4789112522757937,2.5960211276005487,-2.119524949096369,1.0,0.5
10.788055896759033,-3.496395698047949,2.5668857518610664,-2.1026305611581817,1.0,0.5
10.788727283477783,-3.496395698047949,2.5668857518610664,-2.1026305611581817,1.0,0.5
10.821096420288086,-3.5133856153249186,2.5374592685556316,-2.08574282802451,1.0,0.5
10.821440935134888,-3.5133856153249186,2.5374592685556316,-2.08574282802451,1.0,0.5
10.855836629867554,-3.529876082549068,2.5077501996506877,-2.068846114369217,1.0,0.5
10.85654091835022,-3.529876082549068,2.5077501996506877,-2.068846114369217,1.0,0.5
10.88948369026184,-3.545862514458227,2.477767161091098,-2.0519482586517452,1.0,0.5
10.889947652816772,-3.545862514458227,2.477767161091098,-2.0519482586517452,1.0,0.5
10.924649477005005,-3.561340586029988,2.4475189118982423,-2.0350538793670245,1.0,0.5
10.925328016281128,-3.561340586029988,2.4475189118982423,-2.0350538793670245,1.0,0.5
10.945513010025024,-3.561340586029988,2.4475189118982423,-2.0350538793670245,1.0,0.5
10.9577476978302,-3.576305122536088,2.4170135885119137,-2.018163490854029,1.0,0.5
10.958563804626465,-3.576305122536088,2.4170135885119137,-2.018163490854029,1.0,0.5
10.992291450500488,-3.590751980481601,2.386260041054582,-2.001280594156331,1.0,0.5
10.992738723754883,-3.590751980481601,2.386260041054582,-2.001280594156331,1.0,0.5
11.026825666427612,-3.6046781132389554,2.3552673793232946,-1.9844022397363907,1.0,0.5
11.027679443359375,-3.6046781132389554,2.3552673793232946,-1.9844022397363907,1.0,0.5
11.060874700546265,-3.618078799803794,2.3240443241142135,-1.9675124755317153,1.0,0.5
11.061370849609375,-3.618078799803794,2.3240443241142135,-1.9675124755317153,1.0,0.5
11.09544587135315,-3.630950843723959,2.292600124862892,-1.9506230875528456,1.0,0.5
11.096251010894775,-3.630950843723959,2.292600124862892,-1.9506230875528456,1.0,0.5
11.129132747650146,-3.6432894416666164,2.2609431200337324,-1.9337371728415662,1.0,0.5
11.129639148712158,-3.6432894416666164,2.2609431200337324,-1.9337371728415662,1.0,0.5
11.14496898651123,-3.6432894416666164,2.2609431200337324,-1.9337371728415662,0.0,0.0
11.162832021713257,-3.655091798011472,2.2290825169342336,-1.9168550513014257,0.0,0.0
11.197561979293823,-3.665977624572976,2.19807950415299,-1.8993356233286705,0.0,0.0
11.231095314025879,-3.675941986919395,2.1679835582749947,-1.8810051906595442,0.0,0.0
11.265255212783813,-3.6850041319487845,2.138811929052435,-1.8622956222808902,0.0,0.0
11.29927396774292,-3.6931948960598064,2.110587998186871,-1.8434149186381712,0.0,0.0
11.334473371505737,-3.700546256531428,2.0833325696321667,-1.824455305465387,0.0,0.0
11.367731809616089,-3.7071005852677668,2.0570653768413827,-1.805458038774977,0.0,0.0
11.402509689331055,-3.7128950499846596,2.0318072664125153,-1.7864466287511152,0.0,0.0
11.436452150344849,-3.717970756726205,2.007573797985262,-1.7674309977894864,0.0,0.0
11.471297264099121,-3.722370237249042,1.984382930371941,-1.748412028388773,0.0,0.0
11.505969762802124,-3.7261342001829996,1.9622539166047799,-1.7293921736554718,0.0,0.0
11.539913892745972,-3.7293052353826015,1.9412019754951826,-1.710372186812547,0.0,0.0
11.574833631515503,-3.7319243888295794,1.9212456460804073,-1.69134267175161,0.0,0.0
11.608486413955688,-3.7340294536467393,1.9023947198101918,-1.6722454290998185,0.0,0.0
11.641977310180664,-3.7356667700786046,1.8846557640086097,-1.6531105560563,0.0,0.0
11.676085948944092,-3.7368807077735977,1.8680413761765366,-1.6339719984426264,0.0,0.0
11.710284948348999,-3.737715117020254,1.8525594769095444,-1.614845145114928,0.0,0.0
11.744303464889526,-3.7382139598577298,1.8382191111838446,-1.5957375120000157,0.0,0.0
11.778625965118408,-3.738421296931495,1.8250284945452084,-1.57665446272858,0.0,0.0
11.813492059707642,-3.7383813166102406,1.8129925044326494,-1.5575978174813236,0.0,0.0
11.847005367279053,-3.7381385792234956,1.8021143846589982,-1.5385726483676798,0.0,0.0
11.881255626678467,-3.7377376976636305,1.7923970068266024,-1.519578976161666,0.0,0.0
11.91579294204712,-3.737223135832642,1.7838428178448658,-1.500617044872181,0.0,0.0
11.94953179359436,-3.7366391662798653,1.776453836712392,-1.481687418343554,0.0,0.0
11.984163522720337,-3.7360295573490045,1.7702282922373864,-1.4627877652769665,0.0,0.0
12.018136262893677,-3.73543791017728,1.7651633969341942,-1.443916217745819,0.0,0.0
12.052915811538696,-3.73490470811973,1.7612544567396764,-1.4250233870663165,0.0,0.0
12.086456537246704,-3.7344730384585105,1.7584959959013207,-1.4060472430709947,0.0,0.0
12.120312690734863,-3.7340984707867673,1.7563566802018713,-1.3882277253364703,0.0,0.0
12.154199361801147,-3.733772463745689,1.7546660829878296,-1.3733739567106418,0.0,0.0
12.188260793685913,-3.7335209862268943,1.753444390084188,-1.3624699083376888,0.0,0.0
12.222657918930054,-3.7333702865413634,1.7527439266291636,-1.3557740532669995,0.0,0.0
12.2569739818573,-3.733337311205628,1.7525968622314767,-1.3532372977052676,0.0,0.0
12.290868997573853,-3.733334842377548,1.752592940105128,-1.3527169762417366,0.0,0.0
12.325511932373047,-3.7333342397592157,1.7525922827159126,-1.352457004425323,0.0,0.0
12.359050989151001,-3.733334254659796,1.7525913815605925,-1.3523125887049068,0.0,0.0
12.392958402633667,-3.733334437485548,1.752590352344325,-1.3522212903035031,0.0,0.0
12.427509784698486,-3.733334495701307,1.7525892116663717,-1.3521540846596563,0.0,0.0
12.461214303970337,-3.733334228501993,1.7525882024222692,-1.3520978860239798,0.0,0.0
12.495368242263794,-3.733333630413086,1.7525872690390818,-1.3520467098947158,0.0,0.0
12.529587745666504,-3.7333330218423,1.752586310627692,-1.3519977224124677,0.0,0.0
12.5641450881958,-3.733332603213868,1.7525852559956543,-1.3519496268171274,0.0,0.0
12.597982406616211,-3.7333324677038107,1.7525840930105634,-1.3519018246871242,0.0,0.0
12.632338285446167,-3.733332488942831,1.7525828821897917,-1.3518541294861943,0.0,0.0
12.666306257247925,-3.7333325543955365,1.7525817229917593,-1.3518065013862068,0.0,0.0
12.700021028518677,-3.733332534827338,1.752580590375196,-1.3517589625805306,0.0,0.0
12.734463453292847,-3.7333322745522888,1.7525795627791165,-1.351711597620235,0.0,0.0
12.768600940704346,-3.733331807242423,1.752578601167265,-1.3516643934072303,0.0,0.0
12.803229570388794,-3.7333313174090677,1.7525776222243836,-1.3516172496692975,0.0,0.0
12.836785554885864,-3.7333309752579145,1.7525765747177187,-1.3515700656148482,0.0,0.0
12.87169861793518,-3.733330758676967,1.7525754437531647,-1.351522835303728,0.0,0.0
12.905207872390747,-3.7333306305181106,1.752574305365694,-1.3514755707397326,0.0,0.0
12.939314365386963,-3.733330503627266,1.7525731838117493,-1.351428322036683,0.0,0.0
12.973106622695923,-3.733330330548514,1.7525720905493956,-1.3513811158384565,0.0,0.0
13.007997035980225,-3.7333300456608893,1.7525710529388319,-1.3513339971710319,0.0,0.0
13.04169750213623,-3.733329692854169,1.7525700325670979,-1.3512869415984503,0.0,0.0
13.075975894927979,-3.7333293503787037,1.7525689421079682,-1.3512399084648914,0.0,0.0
13.110444784164429,-3.7333290965127968,1.752567853036149,-1.3511928625243035,0.0,0.0
13.143928050994873,-3.73332893765803,1.752566763201639,-1.3511457908486524,0.0,0.0
13.178333282470703,-3.733328858356925,1.7525656687075049,-1.3510986933912414,0.0,0.0
13.212552309036255,-3.7333287272005165,1.7525646425497758,-1.351051640359383,0.0,0.0
13.24633240699768,-3.7333285405168297,1.7525635470978167,-1.3510046286319037,0.0,0.0
13.280526399612427,-3.7333282513649175,1.7525624865240275,-1.3509577012494398,0.0,0.0
13.3158118724823,-3.7333279259985397,1.7525613869898262,-1.3509108220323958,0.0,0.0
13.349502325057983,-3.733327635468461,1.7525603228176307,-1.3508639621879408,0.0,0.0
13.383646011352539,-3.733327371555303,1.752559291249275,-1.3508171184655267,0.0,0.0
13.41728949546814,-3.733327113764229,1.7525582502346768,-1.3507702905993066,0.0,0.0
13.451301336288452,-3.733326845404852,1.7525571406094862,-1.3507234827145587,0.0,0.0
13.485718250274658,-3.73332659473238,1.7525560369455746,-1.3506766969136046,0.0,0.0
13.519389867782593,-3.7333263666968364,1.7525549726573477,-1.3506299276723968,0.0,0.0
13.553783655166626,-3.7333261535643576,1.7525539395452674,-1.3505831760202425,0.0,0.0
13.588368654251099,-3.7333259320847727,1.752552877941609,-1.3505364437835665,0.0,0.0
13.62214708328247,-3.7333256964148545,1.7525517588677735,-1.350489736541716,0.0,0.0
13.656551361083984,-3.73332547767033,1.7525506649387639,-1.3504430525073072,0.0,0.0
13.690479516983032,-3.733325274742181,1.752549611273554,-1.3503963884568384,0.0,0.0
13.7251558303833,-3.733325077696221,1.75254858224751,-1.3503497450611393,0.0,0.0
13.75922703742981,-3.733324862957971,1.7525475054953261,-1.3503031245761064,0.0,0.0
13.793071508407593,-3.733324611951697,1.7525463562725636,-1.350256543759839,0.0,0.0
13.827784061431885,-3.7333242947112812,1.7525452881425232,-1.3502100323497062,0.0,0.0
13.861220836639404,-3.7333239420285294,1.7525442288439284,-1.3501635713109736,0.0,0.0
13.895668506622314,-3.733323626836831,1.7525431947663883,-1.350117124944634,0.0,0.0
13.929516553878784,-3.7333233208387004,1.752542127164183,-1.3500706920131487,0.0,0.0
13.96371340751648,-3.733323016377122,1.7525409977735957,-1.350024276802774,0.0,0.0
13.997952461242676,-3.733322810162601,1.7525398934118808,-1.3499778436063128,0.0,0.0
14.032135486602783,-3.733322628982388,1.7525388578426733,-1.349931421483545,0.0,0.0
14.067487716674805,-3.733322441865354,1.752537816549688,-1.3498850178608361,0.0,0.0
14.1006338596344,-3.73332223315482,1.7525367098884757,-1.349838638395065,0.0,0.0
14.133824348449707,-3.733322032246506,1.7525356119965714,-1.3497922856786062,0.0,0.0
14.167822360992432,-3.733321845164405,1.7525345558665224,-1.3497459541471917,0.0,0.0
14.201983213424683,-3.7333216651645635,1.7525335329299216,-1.349699644545298,0.0,0.0
14.236576795578003,-3.7333214698015524,1.752532483205053,-1.349653358312161,0.0,0.0
14.27073073387146,-3.733321184014824,1.7525313593532859,-1.349607137253123,0.0,0.0
14.30497431755066,-3.7333208272003753,1.7525302785712815,-1.3495609881264794,0.0,0.0
14.339352369308472,-3.733320498210722,1.7525292141331634,-1.3495148613298136,0.0,0.0
14.37557601928711,-3.733320202902179,1.752528180264543,-1.3494687483061194,0.0,0.0
14.407165288925171,-3.733319919925621,1.7525271351913494,-1.3494226481985505,0.0,0.0
14.44151759147644,-3.733319631861083,1.75252602006961,-1.3493765650067189,0.0,0.0
14.475948095321655,-3.7333193663073043,1.7525249097134163,-1.349330500955115,0.0,0.0
14.509711742401123,-3.733319127534188,1.7525238377280274,-1.3492844507524062,0.0,0.0
14.543670892715454,-3.7333189071754656,1.7525227961146412,-1.3492384157138981,0.0,0.0
14.577574253082275,-3.733318681410155,1.7525217253850518,-1.3491923979600458,0.0,0.0
14.61224102973938,-3.733318443981276,1.7525205967614987,-1.349146403343358,0.0,0.0
14.646248579025269,-3.733318225562131,1.7525194929718657,-1.3491004303224616,0.0,0.0
14.680051803588867,-3.7333180246280833,1.7525184292329672,-1.3490544758976035,0.0,0.0
14.71441388130188,-3.7333178308668082,1.7525173900188122,-1.3490085409536858,0.0,0.0
14.747618436813354,-3.7333176203761895,1.7525163030650242,-1.3489626279410092,0.0,0.0
14.781924724578857,-3.7333173909625534,1.7525152261974648,-1.3489167510919375,0.0,0.0
14.81653380393982,-3.733317083454138,1.7525141767823127,-1.3488709455967693,0.0,0.0
14.850703001022339,-3.7333168172732987,1.7525131401894254,-1.348825151833786,0.0,0.0
14.884415626525879,-3.733316598237695,1.7525120878642866,-1.3487793592935262,0.0,0.0
14.918716430664062,-3.7333164237663814,1.7525110235035515,-1.348733562106934,0.0,0.0
14.952298164367676,-3.733316252413665,1.7525099466532865,-1.348687778036134,0.0,0.0
14.98658800125122,-3.733316053362661,1.7525088065036125,-1.348642019088312,0.0,0.0
15.021841287612915,-3.733315857022563,1.7525076770720598,-1.34859628863293,0.0,0.0
15.05536437034607,-3.7333155911878384,1.752506630214892,-1.3485506285177613,0.0,0.0
15.09018874168396,-3.733315214223423,1.752505614353202,-1.3485050536160585,0.0,0.0
15.124094247817993,-3.7333148653763946,1.7525046042598578,-1.3484594998853936,0.0,0.0
15.15756893157959,-3.7333146236576344,1.7525035400057507,-1.3484139188691862,0.0,0.0
15.19199275970459,-3.7333143552032744,1.7525024785121839,-1.3483683637389174,0.0,0.0
15.225813150405884,-3.733314099523274,1.7525013403848315,-1.3483228219640324,0.0,0.0
15.260429859161377,-3.7333138333213784,1.7525002576385802,-1.3482773132704762,0.0,0.0
15.29424786567688,-3.7333135885641293,1.752499127708422,-1.3482318156501247,0.0,0.0
15.329279899597168,-3.73331336504138,1.752498037236689,-1.3481863344077958,0.0,0.0
15.363276481628418,-3.7333131513583444,1.752496970917783,-1.3481408705753746,0.0,0.0
15.397633075714111,-3.7333129086652876,1.7524959050726052,-1.3480954378238212,0.0,0.0
15.431165218353271,-3.7333126861468076,1.7524948774725544,-1.3480500269198454,0.0,0.0
15.46529507637024,-3.7333124392998878,1.7524937782442598,-1.3480046495252962,0.0,0.0
15.49920129776001,-3.733312159728649,1.7524927081522104,-1.3479593180450655,0.0,0.0
15.533084392547607,-3.733311910174149,1.7524916355072304,-1.347913999474055,0.0,0.0
15.567073822021484,-3.7333116330314366,1.7524905810795068,-1.3478687154604878,0.0,0.0
15.601658821105957,-3.733311432030293,1.7524895008624333,-1.347823420164143,0.0,0.0
15.635809421539307,-3.73331120889853,1.7524884402899368,-1.3477781531023998,0.0,0.0
15.66989517211914,-3.733310987256202,1.752487331835634,-1.3477329045085988,0.0,0.0
15.704747915267944,-3.733310743239669,1.7524862448527023,-1.3476876915446991,0.0,0.0
15.738173723220825,-3.7333104754617636,1.7524851440551341,-1.3476425135754833,0.0,0.0
15.772271633148193,-3.7333102367291735,1.7524840231155778,-1.3475973498853104,0.0,0.0
15.806339979171753,-3.7333100285605436,1.7524829391437404,-1.3475521973445566,0.0,0.0
15.840693712234497,-3.733309836007853,1.752481881706155,-1.3475070568589087,0.0,0.0
15.874811172485352,-3.733309592912981,1.7524807676279612,-1.3474619555919665,0.0,0.0
15.909651756286621,-3.733309263833844,1.7524797080292893,-1.3474169323179128,0.0,0.0
15.942682266235352,-3.7333089070665513,1.7524787061605043,-1.3473719616180182,0.0,0.0
15.977209329605103,-3.7333085886011887,1.7524776512712186,-1.3473270006446647,0.0,0.0
16.01155114173889,-3.7333083648324084,1.7524765926287924,-1.3472820137974335,0.0,0.0
16.045451402664185,-3.733308159385151,1.752475527403666,-1.3472370385695795,0.0,0.0
16.0801260471344,-3.733307946180582,1.7524744620584798,-1.3471920875615466,0.0,0.0
16.113845348358154,-3.733307717395634,1.7524733904572711,-1.3471471585041404,0.0,0.0
16.1474552154541,-3.7333075228986434,1.752472304958193,-1.3471022404955206,0.0,0.0
16.182251453399658,-3.7333072816659656,1.7524712357615326,-1.347057366316013,0.0,0.0
16.21627974510193,-3.733306977179696,1.7524701718224847,-1.347012547850956,0.0,0.0
16.250394344329834,-3.733306714789058,1.752469084497026,-1.3469677374686282,0.0,0.0
16.28431272506714,-3.73330643813644,1.752467930736589,-1.3469229492060864,0.0,0.0
16.318497896194458,-3.733306184954125,1.752466800769579,-1.3468781801884524,0.0,0.0
16.351967334747314,-3.733305953382793,1.7524657100255439,-1.3468334273801523,0.0,0.0
16.386287927627563,-3.7333057117314734,1.7524646692556478,-1.3467887024136667,0.0,0.0
16.420953273773193,-3.733305484940686,1.7524636589140252,-1.3467439979748632,0.0,0.0
16.455199480056763,-3.7333052873829105,1.7524626427549292,-1.34669930379727,0.0,0.0
16.489450693130493,-3.7333050731039177,1.7524615324748105,-1.3466546273505415,0.0,0.0
16.524132251739502,-3.7333048528034873,1.752460424727567,-1.3466099810547316,0.0,0.0
16.5579035282135,-3.7333045366267603,1.7524593273885425,-1.3465654078497657,0.0,0.0
16.592048168182373,-3.7333042411645847,1.7524582527478418,-1.3465208584888266,0.0,0.0
16.62619161605835,-3.73330400401366,1.7524571789775023,-1.3464763055425766,0.0,0.0
16.660444259643555,-3.733303751429261,1.7524561230794202,-1.3464317793103568,0.0,0.0
16.69441556930542,-3.7333035065995945,1.7524550241111758,-1.3463872662137562,0.0,0.0
16.72794246673584,-3.7333032730037896,1.7524538712419924,-1.3463427689251006,0.0,0.0
16.762116193771362,-3.733303069889096,1.752452747435735,-1.3462982829456118,0.0,0.0
16.796407461166382,-3.7333028753623534,1.752451710141122,-1.346253820490811,0.0,0.0
